{
  "task_id": "mcpbench_mcpbench_27",
  "benchmark": "mcpbench",
  "num_passes": 4,
  "passes": [
    {
      "pass": 1,
      "original_score": 0.3973333333333333,
      "original_success": false,
      "model_judgment": "Correct",
      "model_score": 1.0,
      "both_correct": false,
      "self_choice_score": 0.3973333333333333,
      "tokens": 75774
    },
    {
      "pass": 2,
      "original_score": 0.4053333333333333,
      "original_success": false,
      "model_judgment": "Correct",
      "model_score": 1.0,
      "both_correct": false,
      "self_choice_score": 0.4053333333333333,
      "tokens": 74663
    },
    {
      "pass": 3,
      "original_score": 0.3833333333333333,
      "original_success": false,
      "model_judgment": "Correct",
      "model_score": 1.0,
      "both_correct": false,
      "self_choice_score": 0.3833333333333333,
      "tokens": 72312
    },
    {
      "pass": 4,
      "original_score": 0.4013333333333333,
      "original_success": false,
      "model_judgment": "Correct",
      "model_score": 1.0,
      "both_correct": false,
      "self_choice_score": 0.4013333333333333,
      "tokens": 75492
    }
  ],
  "best_at_k": {
    "k=1": 0.3973333333333333,
    "k=2": 0.4053333333333333,
    "k=3": 0.4053333333333333,
    "k=4": 0.4053333333333333
  },
  "score_retain_at_k": {
    "k=1": 0.3973,
    "k=2": 0.4013,
    "k=3": 0.3953,
    "k=4": 0.3968
  }
}