{
  "task_id": "mcpbench_mcpbench_35",
  "benchmark": "mcpbench",
  "num_passes": 4,
  "passes": [
    {
      "pass": 1,
      "original_score": 0.3833333333333333,
      "original_success": false,
      "model_judgment": "Correct",
      "model_score": 1.0,
      "both_correct": false,
      "self_choice_score": 0.3833333333333333,
      "tokens": 72461
    },
    {
      "pass": 2,
      "original_score": 0.42933333333333334,
      "original_success": false,
      "model_judgment": "Correct",
      "model_score": 1.0,
      "both_correct": false,
      "self_choice_score": 0.42933333333333334,
      "tokens": 73715
    },
    {
      "pass": 3,
      "original_score": 0.3833333333333333,
      "original_success": false,
      "model_judgment": "Correct",
      "model_score": 1.0,
      "both_correct": false,
      "self_choice_score": 0.3833333333333333,
      "tokens": 74034
    },
    {
      "pass": 4,
      "original_score": 0.3833333333333333,
      "original_success": false,
      "model_judgment": "Correct",
      "model_score": 1.0,
      "both_correct": false,
      "self_choice_score": 0.3833333333333333,
      "tokens": 74072
    }
  ],
  "best_at_k": {
    "k=1": 0.3833333333333333,
    "k=2": 0.42933333333333334,
    "k=3": 0.42933333333333334,
    "k=4": 0.42933333333333334
  },
  "score_retain_at_k": {
    "k=1": 0.3833,
    "k=2": 0.4063,
    "k=3": 0.3987,
    "k=4": 0.3948
  }
}