{
  "task_id": "mcpbench_mcpbench_14",
  "benchmark": "mcpbench",
  "num_passes": 4,
  "passes": [
    {
      "pass": 1,
      "original_score": 0.43333333333333335,
      "original_success": false,
      "model_judgment": "Correct",
      "model_score": 1.0,
      "both_correct": false,
      "self_choice_score": 0.43333333333333335,
      "tokens": 74393
    },
    {
      "pass": 2,
      "original_score": 0.47933333333333333,
      "original_success": false,
      "model_judgment": "Correct",
      "model_score": 1.0,
      "both_correct": false,
      "self_choice_score": 0.47933333333333333,
      "tokens": 74493
    },
    {
      "pass": 3,
      "original_score": 0.41933333333333334,
      "original_success": false,
      "model_judgment": "Correct",
      "model_score": 1.0,
      "both_correct": false,
      "self_choice_score": 0.41933333333333334,
      "tokens": 73203
    },
    {
      "pass": 4,
      "original_score": 0.3833333333333333,
      "original_success": false,
      "model_judgment": "Correct",
      "model_score": 1.0,
      "both_correct": false,
      "self_choice_score": 0.3833333333333333,
      "tokens": 72837
    }
  ],
  "best_at_k": {
    "k=1": 0.43333333333333335,
    "k=2": 0.47933333333333333,
    "k=3": 0.47933333333333333,
    "k=4": 0.47933333333333333
  },
  "score_retain_at_k": {
    "k=1": 0.4333,
    "k=2": 0.4563,
    "k=3": 0.444,
    "k=4": 0.4288
  }
}