{
  "task_id": "mcpbench_mcpbench_38",
  "benchmark": "mcpbench",
  "num_passes": 4,
  "passes": [
    {
      "pass": 1,
      "original_score": 0.42933333333333334,
      "original_success": false,
      "model_judgment": "Correct",
      "model_score": 1.0,
      "both_correct": false,
      "self_choice_score": 0.42933333333333334,
      "tokens": 74423
    },
    {
      "pass": 2,
      "original_score": 0.4053333333333333,
      "original_success": false,
      "model_judgment": "Correct",
      "model_score": 1.0,
      "both_correct": false,
      "self_choice_score": 0.4053333333333333,
      "tokens": 73903
    },
    {
      "pass": 3,
      "original_score": 0.3973333333333333,
      "original_success": false,
      "model_judgment": "Correct",
      "model_score": 1.0,
      "both_correct": false,
      "self_choice_score": 0.3973333333333333,
      "tokens": 73870
    },
    {
      "pass": 4,
      "original_score": 0.41333333333333333,
      "original_success": false,
      "model_judgment": "Correct",
      "model_score": 1.0,
      "both_correct": false,
      "self_choice_score": 0.41333333333333333,
      "tokens": 72943
    }
  ],
  "best_at_k": {
    "k=1": 0.42933333333333334,
    "k=2": 0.42933333333333334,
    "k=3": 0.42933333333333334,
    "k=4": 0.42933333333333334
  },
  "score_retain_at_k": {
    "k=1": 0.4293,
    "k=2": 0.4173,
    "k=3": 0.4107,
    "k=4": 0.4113
  }
}