{
    "model": "huggingface/Qwen/Qwen3-Next-80B-A3B-Thinking:together",
    "question": "Plot Albert Einstein curve with Parametric equations.",
    "answer": "The parametric equations for Albert Einstein's face are:\n\n$$\nx(t) = 0.317426 - 0.085038\\sin(2t) - 0.073217\\sin(4t) + 0.132379\\sin(6t) - 0.069146\\sin(8t) + 0.047503\\sin(10t) - 0.031336\\sin(12t) + 0.020748\\sin(14t) - 0.013358\\sin(16t) + 0.008326\\sin(18t) - 0.004862\\sin(20t) + 0.002617\\sin(22t) - 0.001139\\sin(24t) + 0.000395\\sin(26t) - 0.000092\\sin(28t) + 0.000012\\sin(30t)\n$$\n\n$$\ny(t) = 0.431175 - 0.099004\\sin(t) - 0.097728\\sin(2t) + 0.158323\\sin(3t) - 0.076776\\sin(4t) + 0.045574\\sin(5t) - 0.027288\\sin(6t) + 0.015525\\sin(7t) - 0.008054\\sin(8t) + 0.003727\\sin(9t) - 0.001439\\sin(10t) + 0.000430\\sin(11t) - 0.000074\\sin(12t)\n$$\n\nwhere $ t \\in [0, 2\\pi] $. These equations generate a line drawing of Einstein's face when plotted.",
    "turns": 2,
    "search count": 1,
    "script count": 0,
    "context lengths": [
        {
            "input": 63034,
            "output": 2989,
            "total": 66023
        },
        {
            "input": 63946,
            "output": 4568,
            "total": 68514
        }
    ],
    "total_input_tokens": 126980,
    "total_output_tokens": 7557,
    "total_tokens": 134537,
    "score": 1,
    "ground_truth": ""
}